Datetime,Water Level (m)
2026-09-21 00:00:00,0.083894394
2026-09-21 01:00:00,0.15669109
2026-09-21 02:00:00,0.23817979
2026-09-21 03:00:00,0.30210122
2026-09-21 04:00:00,0.36290026
2026-09-21 05:00:00,0.40184438
2026-09-21 06:00:00,0.40685704
2026-09-21 07:00:00,0.37116235
2026-09-21 08:00:00,0.30707267
2026-09-21 09:00:00,0.24377537
2026-09-21 10:00:00,0.18615444
2026-09-21 11:00:00,0.13994744
2026-09-21 12:00:00,0.12532811
2026-09-21 13:00:00,0.17736378
2026-09-21 14:00:00,0.2629282
2026-09-21 15:00:00,0.33703235
2026-09-21 16:00:00,0.3972177
2026-09-21 17:00:00,0.43963826
2026-09-21 18:00:00,0.44649205
2026-09-21 19:00:00,0.41317195
2026-09-21 20:00:00,0.34762806
2026-09-21 21:00:00,0.28401044
2026-09-21 22:00:00,0.22566494
2026-09-21 23:00:00,0.17799467
2026-09-22 00:00:00,0.16173609
2026-09-22 01:00:00,0.22189087
2026-09-22 02:00:00,0.33715558
2026-09-22 03:00:00,0.43679315
2026-09-22 04:00:00,0.57047284
2026-09-22 05:00:00,0.6493238
2026-09-22 06:00:00,0.68817025
2026-09-22 07:00:00,0.665861
2026-09-22 08:00:00,0.61525905
2026-09-22 09:00:00,0.54344827
2026-09-22 10:00:00,0.46276242
2026-09-22 11:00:00,0.3918076
2026-09-22 12:00:00,0.33189395
2026-09-22 13:00:00,0.3030553
2026-09-22 14:00:00,0.3589015
2026-09-22 15:00:00,0.48134565
2026-09-22 16:00:00,0.6143144
2026-09-22 17:00:00,0.7011532
2026-09-22 18:00:00,0.7464225
2026-09-22 19:00:00,0.7232102
2026-09-22 20:00:00,0.668998
2026-09-22 21:00:00,0.59421986
2026-09-22 22:00:00,0.5152481
2026-09-22 23:00:00,0.44244856
2026-09-23 00:00:00,0.3801069
2026-09-23 01:00:00,0.345824
2026-09-23 02:00:00,0.3952976
2026-09-23 03:00:00,0.55020213
2026-09-23 04:00:00,0.736112
2026-09-23 05:00:00,0.8420572
2026-09-23 06:00:00,0.9256139
2026-09-23 07:00:00,0.95766014
2026-09-23 08:00:00,0.9040987
2026-09-23 09:00:00,0.82387215
2026-09-23 10:00:00,0.7403242
2026-09-23 11:00:00,0.66379714
2026-09-23 12:00:00,0.5815187
2026-09-23 13:00:00,0.51354134
2026-09-23 14:00:00,0.48633376
2026-09-23 15:00:00,0.57047844
2026-09-23 16:00:00,0.74989295
2026-09-23 17:00:00,0.89296556
2026-09-23 18:00:00,0.9795155
2026-09-23 19:00:00,1.0131161
2026-09-23 20:00:00,0.96037304
2026-09-23 21:00:00,0.8790607
2026-09-23 22:00:00,0.8050547
2026-09-23 23:00:00,0.73176295
2026-09-24 00:00:00,0.6567293
2026-09-24 01:00:00,0.5912657
2026-09-24 02:00:00,0.5598752
2026-09-24 03:00:00,0.6527518
2026-09-24 04:00:00,0.87648183
2026-09-24 05:00:00,1.0282266
2026-09-24 06:00:00,1.1364383
2026-09-24 07:00:00,1.1866076
2026-09-24 08:00:00,1.1685635
2026-09-24 09:00:00,1.0686932
2026-09-24 10:00:00,0.98564816
2026-09-24 11:00:00,0.8849061
2026-09-24 12:00:00,0.8173004
2026-09-24 13:00:00,0.7427739
2026-09-24 14:00:00,0.67863476
2026-09-24 15:00:00,0.6856947
2026-09-24 16:00:00,0.8259386
2026-09-24 17:00:00,1.0424311
2026-09-24 18:00:00,1.164091
2026-09-24 19:00:00,1.2412851
2026-09-24 20:00:00,1.2518812
2026-09-24 21:00:00,1.1620157
2026-09-24 22:00:00,1.0798659
2026-09-24 23:00:00,0.98401654
2026-09-25 00:00:00,0.9123804
2026-09-25 01:00:00,0.8434212
2026-09-25 02:00:00,0.77708954
2026-09-25 03:00:00,0.7644733
2026-09-25 04:00:00,0.8845836
2026-09-25 05:00:00,1.1191216
2026-09-25 06:00:00,1.2541497
2026-09-25 07:00:00,1.3423649
2026-09-25 08:00:00,1.3778136
2026-09-25 09:00:00,1.2962137
2026-09-25 10:00:00,1.2083224
2026-09-25 11:00:00,1.1199342
2026-09-25 12:00:00,0.9941468
2026-09-25 13:00:00,0.94599307
2026-09-25 14:00:00,0.8628206
2026-09-25 15:00:00,0.80684143
2026-09-25 16:00:00,0.8475819
2026-09-25 17:00:00,1.0212246
2026-09-25 18:00:00,1.2208484
2026-09-25 19:00:00,1.3331699
2026-09-25 20:00:00,1.3856279
2026-09-25 21:00:00,1.3315228
2026-09-25 22:00:00,1.2390871
2026-09-25 23:00:00,1.1489375
2026-09-26 00:00:00,1.0377482
2026-09-26 01:00:00,0.9771938
2026-09-26 02:00:00,0.8996218
2026-09-26 03:00:00,0.8335196
2026-09-26 04:00:00,0.8559258
2026-09-26 05:00:00,1.0181519
2026-09-26 06:00:00,1.2483124
2026-09-26 07:00:00,1.3771895
2026-09-26 08:00:00,1.4527425
2026-09-26 09:00:00,1.4254297
2026-09-26 10:00:00,1.3215989
2026-09-26 11:00:00,1.2357013
2026-09-26 12:00:00,1.143281
2026-09-26 13:00:00,1.0526654
2026-09-26 14:00:00,0.9959784
2026-09-26 15:00:00,0.9177721
2026-09-26 16:00:00,0.8959804
2026-09-26 17:00:00,1.0033486
2026-09-26 18:00:00,1.2270972
2026-09-26 19:00:00,1.3853656
2026-09-26 20:00:00,1.4902738
2026-09-26 21:00:00,1.5049
2026-09-26 22:00:00,1.4071151
2026-09-26 23:00:00,1.3290056
2026-09-27 00:00:00,1.2287921
